[{"fileName":"lk-wirecap-assy.asm","color":"001AW","finish_code":"FINS0010","erpCode":"OPPW002650","partNumber":"LK-WIRECAP-ASSY.ASM","partRev":"A","material_code":"MATS0135"},{"fileName":"dt_h37_800_top_f_shelf_assy_18.asm","color":"007A","finish_code":"WF0001","erpCode":"WDWW015110","partNumber":"DT_H37_800_TOP_F_SHELF_ASSY_18.ASM","partRev":"A","material_code":"W22PBOLO"},{"fileName":"cd_h37_side_r_2.prt","color":"001AW","finish_code":"WF0001","erpCode":"WDWW015109","partNumber":"CD_H37_SIDE_R_2.PRT","partRev":"A","material_code":"W18PBOLO"},{"fileName":"cd_h37_side_r_assy_2.asm","color":"001AW","finish_code":"WF0001","erpCode":"WDWW015107","partNumber":"CD_H37_SIDE_R_ASSY_2.ASM","partRev":"A","material_code":"W18PBOLO"},{"fileName":"dr1-1700-top-assy.asm","color":"001AW","finish_code":"WF0001","erpCode":"DSDD1017R","partNumber":"DR1-1700-TOP-ASSY.ASM","partRev":"A","material_code":"W28PBOLO"},{"fileName":"dt_h37_800_top_f_shelf_edge_18.prt","color":"007A","finish_code":"WF0001","erpCode":"WDWW015111","partNumber":"DT_H37_800_TOP_F_SHELF_EDGE_18.PRT","partRev":"B","material_code":"W22PBOXX"},{"fileName":"dt_h37_800_total.asm","color":"001BK","finish_code":"","erpCode":"HSKC086FR","partNumber":"DT_H37_800_TOTAL.ASM","partRev":"A","material_code":""},{"fileName":"rafix-bolt.prt","color":"001AW","finish_code":"FINS0004","erpCode":"NSNW001101","partNumber":"RAFIX-BOLT.PRT","partRev":"A","material_code":"MATS0188"},{"fileName":"dt_h37_800_top_f_shelf_18.prt","color":"007A","finish_code":"WF0001","erpCode":"WDWW015112","partNumber":"DT_H37_800_TOP_F_SHELF_18.PRT","partRev":"C","material_code":"W22PBOLO"},{"fileName":"rafix-casing.prt","color":"007A","finish_code":"FINS0007","erpCode":"OPPW002652","partNumber":"RAFIX-CASING.PRT","partRev":"A","material_code":"MATS0186"},{"fileName":"cd_h37_side_r_edge_2.prt","color":"001AW","finish_code":"WF0001","erpCode":"WDWW015108","partNumber":"CD_H37_SIDE_R_EDGE_2.PRT","partRev":"B","material_code":"W18PBOXX"},{"fileName":"casing_d20_assy.prt","color":"007A","finish_code":"FINS0007","erpCode":"OPPW002653","partNumber":"CASING_D20_ASSY.PRT","partRev":"A","material_code":"MATS0186"}]